Date,series,OPEN,HIGH,LOW,PREV_CLOSE,ltp,close,vwap,52W_H,52W_L,VOLUME,VALUE,No_of_trades
28-Feb-2023,EQ,755,757.1,739.65,752.9,744,742.25,745.22,860.55,628.75,10562614,7871513157.15,147667
27-Feb-2023,EQ,753,754.4,738.45,757.1,753.5,752.9,747.25,860.55,628.75,6719439,5021132650.65,115748
24-Feb-2023,EQ,775.7,775.8,755,762.95,757,757.1,762.75,860.55,628.75,4357223,3323490640.4,97761
23-Feb-2023,EQ,774,777.5,761.85,772.15,765,762.95,767.56,860.55,628.75,4062194,3117959411.2,97508
22-Feb-2023,EQ,777,781.65,766.5,779.05,767.5,772.15,775.07,860.55,628.75,3261898,2528187575.2,90485
21-Feb-2023,EQ,783.05,788,778.15,779.15,780.9,779.05,782.61,860.55,628.75,2769616,2167522736.25,112863
20-Feb-2023,EQ,781.25,793.8,777.1,776.8,780.5,779.15,785.31,860.55,628.75,3381774,2655733287.75,102900
17-Feb-2023,EQ,785.95,787.45,770.3,784.45,777,776.8,779.61,860.55,628.75,3093216,2411514605.2,73933
16-Feb-2023,EQ,789.65,790.5,780.6,785.4,782.1,784.45,784.62,860.55,628.75,3399428,2667268771.65,85274
15-Feb-2023,EQ,775,787.15,772.2,775.2,786.2,785.4,780.87,860.55,628.75,3602838,2813347209.8,78664
14-Feb-2023,EQ,769,777.6,766.2,768.6,774.55,775.2,773.06,860.55,628.75,3502010,2707255061.25,100037
13-Feb-2023,EQ,771,779.6,766.7,771.95,766.7,768.6,773.34,860.55,628.75,3705892,2865902928.95,91500
10-Feb-2023,EQ,768.95,773.2,761,766.65,771,771.95,767.32,860.55,628.75,2954992,2267426982.7,83927
09-Feb-2023,EQ,770,775.1,761.3,775.1,767,766.65,765.93,860.55,628.75,5913945,4529647065.65,131483
08-Feb-2023,EQ,778,781,765,785.9,775,775.1,773.94,860.55,628.75,9951783,7702076257.5,203487
07-Feb-2023,EQ,793.9,795.85,783,789.25,786.35,785.9,788.74,860.55,628.75,4126502,3254737871.9,98376
06-Feb-2023,EQ,789.7,794.65,778.8,792.9,788,789.25,785.55,860.55,628.75,2407975,1891579647.9,52233
03-Feb-2023,EQ,779.9,794.95,778.4,777.75,791.5,792.9,788.35,860.55,628.75,5493687,4330966677.05,119608
02-Feb-2023,EQ,765.1,781,765.05,769.1,776.5,777.75,776.58,860.55,628.75,2841909,2206972919.5,85693
01-Feb-2023,EQ,775.95,784.65,756.6,770.3,768.15,769.1,773.37,860.55,628.75,4472974,3459246357.25,114583
31-Jan-2023,EQ,775,779,768.4,770.2,771,770.3,772.21,860.55,628.75,8537557,6592792173.65,153832
30-Jan-2023,EQ,771.6,774.95,763,774.5,772.75,770.2,768.66,860.55,628.75,5420851,4166805348.95,120447
27-Jan-2023,EQ,774.95,778.9,765.8,776.5,773.55,774.5,773.3,860.55,628.75,6745926,5216606772.7,165330
25-Jan-2023,EQ,774.95,780.5,768,775.65,777.15,776.5,775.16,860.55,628.75,6560514,5085446377.05,178976
24-Jan-2023,EQ,773,777.55,761,772.7,775,775.65,768.97,860.55,628.75,5012125,3854184385.2,166926
23-Jan-2023,EQ,767.9,776,763.85,764.45,771.75,772.7,771.85,860.55,628.75,2685320,2072654013.7,73631
20-Jan-2023,EQ,775.85,775.85,758.3,772,764.5,764.45,764.31,860.55,628.75,6289718,4807275573,117733
19-Jan-2023,EQ,776,776.5,765.65,776.55,770.5,772,771.16,860.55,628.75,4169463,3215310671.45,98036
18-Jan-2023,EQ,768.2,780,766,765.7,778.3,776.55,772.97,860.55,628.75,5800899,4483907197.3,143513
17-Jan-2023,EQ,759.15,768.9,758.75,759.15,766.9,765.7,763.84,860.55,628.75,6594428,5037079690.3,144722
16-Jan-2023,EQ,766.4,768.1,754.65,764.3,758.75,759.15,759.4,860.55,628.75,5779293,4388775266.4,127709
13-Jan-2023,EQ,757,765.95,752,756.9,764.6,764.3,758.51,860.55,628.75,12279288,9313978908.75,182066
12-Jan-2023,EQ,765,769.3,753.55,765.55,756.75,756.9,760.18,860.55,628.75,12732671,9679059639.2,191187
11-Jan-2023,EQ,775,779.65,751.65,792.85,765.4,765.55,763.51,860.55,628.75,28389020,21675281579.4,435071
10-Jan-2023,EQ,826.1,826.1,790.3,819.4,795,792.85,800,860.55,628.75,8392344,6713895339,187627
09-Jan-2023,EQ,802.7,821.5,801.05,796,819.1,819.4,817.14,860.55,628.75,4340729,3546979332.7,139832
06-Jan-2023,EQ,807.55,812.25,792,807.1,795,796,799.51,860.55,628.75,3199618,2558133801.45,100083
05-Jan-2023,EQ,825,825,803.75,811.8,806.95,807.1,810.92,860.55,628.75,5297349,4295702465.25,149144
04-Jan-2023,EQ,818.95,820.45,806.2,817.6,807,811.8,814.85,860.55,628.75,2970216,2420273325.1,91394
03-Jan-2023,EQ,810.35,818.8,808.5,813.5,817,817.6,814.13,860.55,628.75,1717603,1398352259.7,68680
02-Jan-2023,EQ,806.25,816.2,805.6,806.1,813.95,813.5,812.94,860.55,628.75,1626846,1322520250.25,63639
30-Dec-2022,EQ,824.7,824.8,804.95,820.75,808.4,806.1,811.31,860.55,628.75,3113243,2525811276.4,81120
29-Dec-2022,EQ,807.05,824.75,760.1,803.8,823,820.75,814.12,860.55,628.75,6110313,4974535535.65,124608
28-Dec-2022,EQ,813,813.9,801.45,814.8,803.3,803.8,806.55,860.55,628.75,2907741,2345225830.6,86146
27-Dec-2022,EQ,815,819.45,805,811,814.95,814.8,812.35,860.55,628.75,1782053,1447652815.05,72357
26-Dec-2022,EQ,805.05,815.2,801.15,808.65,809.25,811,808.71,860.55,628.75,6023206,4871044496.85,101992
23-Dec-2022,EQ,814,817.95,805,816.6,809.95,808.65,810.81,860.55,628.75,2804496,2273913792.35,95664
22-Dec-2022,EQ,819,824.7,809.5,814,816.3,816.6,818.55,860.55,628.75,3626834,2968737260.25,87131
21-Dec-2022,EQ,833,833.05,812.35,828.95,815,814,820.44,860.55,628.75,5079337,4167268237.7,119997
20-Dec-2022,EQ,839.75,839.75,822,840.4,827.9,828.95,827.42,860.55,628.75,2828863,2340659186.6,83436
19-Dec-2022,EQ,822.7,845.05,822,822.75,839,840.4,836.87,860.55,628.75,6397169,5353626483.5,138965
16-Dec-2022,EQ,825,832.7,819.9,826.35,822.9,822.75,824.98,860.55,628.75,4309644,3555365558.6,93171
15-Dec-2022,EQ,829,831,824.35,829.2,825.85,826.35,826.61,860.55,628.75,2996482,2476920967.15,112313
14-Dec-2022,EQ,840.65,842,828.15,838.05,828.9,829.2,831,860.55,628.75,7491333,6225279058.2,111283
13-Dec-2022,EQ,822,840,822,828.4,838.15,838.05,831.75,860.55,628.75,3832999,3188106001.05,89601
12-Dec-2022,EQ,832.6,836.95,825.4,834.9,828.5,828.4,829.9,860.55,628.75,3149823,2614026026.75,89894
09-Dec-2022,EQ,830.3,836.6,823.95,832.6,833.95,834.9,831.68,860.55,628.75,4615843,3838911518.9,99403
08-Dec-2022,EQ,833,840.2,826.3,834,832.3,832.6,834.08,860.55,628.75,4822179,4022061768.7,116319
07-Dec-2022,EQ,837.55,841.6,832,833.35,833.75,834,835.64,860.55,628.75,3771882,3151952619.35,104194
06-Dec-2022,EQ,844.9,845,829.7,844.1,834,833.35,834.71,860.55,628.75,5567349,4647114188.65,107831
05-Dec-2022,EQ,851,851.6,840.85,848.65,843.7,844.1,844.48,860.55,628.75,3311316,2796345955.2,92049
02-Dec-2022,EQ,851.4,851.95,839.1,848.6,848.9,848.65,844.74,860.55,628.75,3505272,2961058057.1,127894
01-Dec-2022,EQ,853,853.2,841.6,848.75,848,848.6,847.33,860.55,628.75,4506664,3818629525.95,121422
30-Nov-2022,EQ,834.8,852,832.6,835.85,850.8,848.75,845.05,860.55,628.75,6874390,5809234672.55,130250
29-Nov-2022,EQ,839,844.8,835,837.4,835.5,835.85,839.01,860.55,628.75,2680296,2248787693.85,82799
28-Nov-2022,EQ,840.25,852.55,836.05,846.85,838.5,837.4,841.09,860.55,628.75,3668846,3085819267.65,97644
25-Nov-2022,EQ,852,860,841.6,848.35,847.5,846.85,846.75,860.55,628.75,2991065,2532689147.9,61942
24-Nov-2022,EQ,846,851,837.75,843.25,848.95,848.35,842.6,860.55,628.75,3455310,2911444328.25,73897
23-Nov-2022,EQ,851.85,851.85,841.6,847.6,842.85,843.25,845.69,860.55,628.75,4596816,3887462402.95,107955
22-Nov-2022,EQ,853.4,860.55,845.1,851.2,847,847.6,851.25,860.55,628.75,7601660,6470902779.05,171346
21-Nov-2022,EQ,837,852.8,835,837.3,851.7,851.2,845.36,852.8,628.75,5527122,4672392641.7,182844
18-Nov-2022,EQ,849.95,851.85,831.1,846.15,837,837.3,837.89,851.85,628.75,7405949,6205339882.55,153468
17-Nov-2022,EQ,841.8,849.4,838.4,841.2,845,846.15,844.68,849.4,628.75,4545534,3839537095.55,107464
16-Nov-2022,EQ,837.5,844.05,828.05,835.25,842,841.2,834.84,844.05,628.75,3445345,2876296573.8,105406
15-Nov-2022,EQ,822.65,838.75,822.65,821.9,837.1,835.25,829.2,841.45,628.75,6229710,5165677304.8,81693
14-Nov-2022,EQ,818,830.8,817,826.9,822.55,821.9,820.48,841.45,628.75,10406576,8538431978.15,172323
11-Nov-2022,EQ,830.75,836.9,823.8,825.75,829.05,826.9,830.14,841.45,628.75,4325441,3590720582.25,96282
10-Nov-2022,EQ,819.8,830.7,817.55,819.05,826,825.75,824.81,841.45,628.75,4425290,3650021528.65,88705
09-Nov-2022,EQ,824.2,825.5,814.45,822.7,819.4,819.05,818.31,841.45,628.75,3969171,3248007545.55,131811
07-Nov-2022,EQ,817,824.05,809,816.4,822,822.7,814.93,841.45,628.75,7171570,5844340617.45,108206
04-Nov-2022,EQ,815.7,821.8,809.2,818.65,816.1,816.4,814.59,841.45,628.75,3768226,3069542041.25,90470
03-Nov-2022,EQ,809.75,824.4,804.2,809.85,817.5,818.65,817.78,841.45,628.75,5897840,4823129132.05,160802
02-Nov-2022,EQ,830,830,807.25,835.55,810.1,809.85,814.16,841.45,628.75,11729925,9550048000.9,192270
01-Nov-2022,EQ,828,841.45,821.05,832,835.35,835.55,831.6,841.45,628.75,10488759,8722433075.75,164014
31-Oct-2022,EQ,823,833.8,820,816.85,832,832,829.27,833.8,628.75,5487233,4550408261.7,166517
28-Oct-2022,EQ,819,824.4,811.3,817.1,819.5,816.85,816.7,824.4,628.75,3905093,3189279527.45,106794
27-Oct-2022,EQ,806.5,822.2,804.2,802.3,819,817.1,814.52,822.2,628.75,8159181,6645839709.85,136216
25-Oct-2022,EQ,806.15,806.35,798.7,802.1,800.2,802.3,801.95,816.75,628.75,3184277,2553637110.35,83923
24-Oct-2022,EQ,800,807.5,800,797.45,800.1,802.1,804.21,816.75,628.75,522406,420121913.85,21705
21-Oct-2022,EQ,790,802.85,789.75,792.9,795.6,797.45,798.07,816.75,628.75,4807736,3836904518.45,155438
20-Oct-2022,EQ,782,794,778.3,783.4,791,792.9,788.7,816.75,628.75,4756732,3751642724.45,96091
19-Oct-2022,EQ,787.95,788.65,779.5,783.15,784.5,783.4,783.14,816.75,628.75,5219180,4087364135.95,98760
18-Oct-2022,EQ,769.85,785.6,768.65,766,783,783.15,782.28,816.75,628.75,4391263,3435211662.4,112815
17-Oct-2022,EQ,761,771,759.85,765.95,765.65,766,764.89,816.75,628.75,4566333,3492734003.25,138509
14-Oct-2022,EQ,779.95,779.95,763.05,768.9,766.5,765.95,772.16,816.75,628.75,3608210,2786100553.8,85709
13-Oct-2022,EQ,775,779,767.65,775.55,768,768.9,770.69,816.75,628.75,2842056,2190332518.6,101132
12-Oct-2022,EQ,780.3,781.35,769.2,780.3,776.9,775.55,775.38,816.75,628.75,5984299,4640086205.5,185085
11-Oct-2022,EQ,797.5,797.5,776,792.35,778.1,780.3,786.72,816.75,628.75,3699862,2910747187.85,88508
10-Oct-2022,EQ,784.95,794.8,779.7,793.1,791.3,792.35,787.7,816.75,628.75,3519416,2772240151.3,134567
07-Oct-2022,EQ,792,796.8,784.7,788.6,793.45,793.1,792,816.75,628.75,6025982,4772583137.8,147645
06-Oct-2022,EQ,810.55,815.85,786.65,808.7,788,788.6,798.03,816.75,628.75,6503205,5189765700.35,212922
04-Oct-2022,EQ,813,816.75,807.5,803.35,809,808.7,810.85,816.75,628.75,5772140,4680327985.05,133307
03-Oct-2022,EQ,803.4,815.55,798.05,799.9,802.9,803.35,804.78,815.55,628.75,12619046,10155550869.1,194447
30-Sep-2022,EQ,765.95,809,761.45,764.65,799.6,799.9,792.87,809,628.75,7469164,5922107226.85,178969
29-Sep-2022,EQ,763.95,769,759.3,761.45,766.55,764.65,764.63,797,628.75,5413233,4139104191.65,132752
28-Sep-2022,EQ,755.5,771,755,760.6,759.5,761.45,764.69,797,628.75,5546932,4241669565.95,142267
27-Sep-2022,EQ,758.85,765,757.2,755.05,760,760.6,760.66,797,628.75,5965026,4537371673.25,106400
26-Sep-2022,EQ,769.95,771.15,753.2,771.35,755,755.05,765.49,797,628.75,13144297,10061838408.4,147296
23-Sep-2022,EQ,788,788,768.7,784.1,771,771.35,776.24,797,628.75,9271829,7197174021.55,101061
22-Sep-2022,EQ,791.2,794.8,776.35,780.2,784.6,784.1,782.65,797,628.75,7721133,6042967389,89912
21-Sep-2022,EQ,792.15,797,779,792.15,780.5,780.2,786.17,797,628.75,9966193,7835103490,128074
20-Sep-2022,EQ,786.7,796.95,785,782.75,790,792.15,792.77,796.95,628.75,7936714,6292014643.05,108503
19-Sep-2022,EQ,773.5,786,772.2,779.65,781,782.75,781.57,790.65,628.75,5760313,4502088087.6,90976
16-Sep-2022,EQ,788,788,776.45,785.1,779.2,779.65,779.48,790.65,628.75,20211162,15754163953.45,147689
15-Sep-2022,EQ,788,790.65,782,783.35,784,785.1,785.76,790.65,628.75,5485310,4310134279.05,93165
14-Sep-2022,EQ,776,788.4,775.75,784.25,785.55,783.35,783.04,788.9,628.75,6645392,5203597053.45,104937
13-Sep-2022,EQ,774,788.9,770,769.15,783.6,784.25,781.26,788.9,628.75,8335652,6512349250.65,133678
12-Sep-2022,EQ,767,771.4,764.5,765.75,768.85,769.15,769.06,781.8,628.75,2654087,2041140934.7,89956
09-Sep-2022,EQ,773,774.8,762.9,769.8,766.7,765.75,767.57,781.8,628.75,4627905,3552241017.95,151068
08-Sep-2022,EQ,759,776,757.05,753.1,769.3,769.8,768.95,781.8,628.75,10648073,8187864705,176404
07-Sep-2022,EQ,755.5,761.9,686.2,761.25,752,753.1,698.36,781.8,628.75,126794211,88548206813.5,131955
06-Sep-2022,EQ,740.4,765,740.4,740.4,759.25,761.25,756.67,781.8,628.75,10166270,7692473118,223614
05-Sep-2022,EQ,735,741.95,733.25,735,740.05,740.4,739.21,781.8,628.75,3660135,2705618118.9,124355
02-Sep-2022,EQ,725,740.9,719.65,735.05,734,735,735,781.8,590.1,5693707,4184899796,102865
01-Sep-2022,EQ,726.5,746,726.5,726.6,734.9,735.05,737.51,781.8,590.1,11869518,8753899329.8,158133
30-Aug-2022,EQ,722,730.1,711.8,720.6,725.2,726.6,722.11,781.8,590.1,8894800,6422989833.2,161097
29-Aug-2022,EQ,717.7,724.9,715.1,730.85,721.5,720.6,721.08,781.8,590.1,5878942,4239196304.5,106278
26-Aug-2022,EQ,741.5,741.5,728,741,731.2,730.85,732.2,781.8,584.3,5928897,4341157526.5,139254
25-Aug-2022,EQ,744.8,754.05,735.25,738.75,736.65,741,743.81,781.8,584.3,9849958,7326545401.35,159324
24-Aug-2022,EQ,722.85,754.2,718,737.6,736.25,738.75,732.69,781.8,584.3,14922081,10933220132.85,163801
23-Aug-2022,EQ,725,742.6,722.55,727.6,739.55,737.6,734.14,781.8,584.3,8229797,6041802015.85,114863
22-Aug-2022,EQ,731.85,734.4,724.4,732.3,729.45,727.6,728.21,781.8,584.3,8118490,5911990744.95,118704
19-Aug-2022,EQ,730.2,737.6,726,733.2,728.9,732.3,733.11,781.8,584.3,13743828,10075701596,136214
18-Aug-2022,EQ,725,736,720.9,722.95,733,733.2,731.66,781.8,584.3,10354897,7576239330.4,131619
17-Aug-2022,EQ,707,724.65,702.3,704.1,723.6,722.95,715.81,781.8,584.3,8812954,6308380545.95,164198
16-Aug-2022,EQ,715,716,700.5,709.7,704,704.1,704.91,781.8,584.3,6679663,4708571922.85,96823
12-Aug-2022,EQ,709.85,712.5,706.65,709.8,710.5,709.7,709.39,781.8,584.3,4540159,3220761090.2,95422
11-Aug-2022,EQ,718.8,719.4,705.7,715.25,709.1,709.8,711.25,781.8,584.3,7142902,5080400815.45,157513
10-Aug-2022,EQ,713.9,718,706,704.35,715.1,715.25,712.14,781.8,584.3,12201239,8688970162.35,207238
08-Aug-2022,EQ,707.95,709.85,699,703.65,704.95,704.35,704.45,781.8,584.3,5918607,4169362957.8,109974
05-Aug-2022,EQ,698,710,696.35,694.3,703.5,703.65,704.55,781.8,560,5811092,4094194767.95,127764
04-Aug-2022,EQ,698.2,698.5,680.7,693.15,693.1,694.3,690.62,781.8,560,6352142,4386901897,146389
03-Aug-2022,EQ,688,696.85,687,686.8,691.3,693.15,691.43,781.8,560,5237250,3621178448.2,185219
02-Aug-2022,EQ,700,700.3,681.15,694.45,686.05,686.8,688.22,781.8,560,6236599,4292121299.35,134319
01-Aug-2022,EQ,677.95,697.8,677.05,677.95,697,694.45,689.84,781.8,560,8812526,6079249167.5,156698
29-Jul-2022,EQ,672.8,680.65,671,666.85,677.95,677.95,675.86,781.8,536.15,7669970,5183792338.6,126658
28-Jul-2022,EQ,678.8,679.4,664.2,674.9,667,666.85,669.38,781.8,536.15,7374170,4936146186.45,176742
27-Jul-2022,EQ,683.95,683.95,669.7,684.1,675,674.9,676.08,781.8,536.15,6237523,4217047083.35,142550
26-Jul-2022,EQ,682.6,685.35,670.25,678.4,683,684.1,680.03,781.8,536.15,5016687,3411478454.65,117064
25-Jul-2022,EQ,680,686.55,676.55,678.85,677.5,678.4,682.02,781.8,536.15,2913348,1986958413.75,71656
22-Jul-2022,EQ,679.7,681.9,675.2,678.35,678.3,678.85,678.5,781.8,523,2415220,1638724949.15,64403
21-Jul-2022,EQ,671.5,679.95,671.2,670.65,677.2,678.35,677.09,781.8,523,3550107,2403751177.65,91102
20-Jul-2022,EQ,680,680,668.2,672.9,671,670.65,672.24,781.8,523,4458819,2997399920.8,136376
19-Jul-2022,EQ,675,677,663.1,663.05,671.85,672.9,671.39,781.8,523,7836419,5261274911.3,165094
18-Jul-2022,EQ,657,670,649.15,651.8,668.05,663.05,659.12,781.8,523,8982417,5920500002.1,142338
15-Jul-2022,EQ,648.95,657.5,643.25,641.65,651.55,651.8,652.92,781.8,523,5567877,3635354513.85,100184
14-Jul-2022,EQ,650,652.2,628.75,643.5,642.9,641.65,641.29,781.8,523,11379990,7297906604.7,181878
13-Jul-2022,EQ,670,670,641,663,646.7,643.5,652.01,781.8,523,12030163,7843736812.7,274249
12-Jul-2022,EQ,663.25,666.9,660,660.55,661.55,663,663.6,781.8,523,7416645,4921672744.3,124318
11-Jul-2022,EQ,675,681,658.95,695.15,659.55,660.55,663.41,781.8,523,18687521,12397434355.4,281987
08-Jul-2022,EQ,688,696.6,686.65,686.8,694,695.15,692.38,781.8,521.1,2732170,1891701767.1,77053
07-Jul-2022,EQ,692,696.5,685.45,693.95,687.1,686.8,690.23,781.8,521.1,3485283,2405645318.05,77723
06-Jul-2022,EQ,684.5,694.95,684.2,684.45,693,693.95,691.08,781.8,521.1,4697006,3246029240.45,107259
05-Jul-2022,EQ,683.3,689.3,680.05,681.9,683.65,684.45,685.18,781.8,521.1,3494504,2394377842.15,84562
04-Jul-2022,EQ,670.5,685.5,666.05,673.45,682.1,681.9,676.84,781.8,521.1,4229588,2862736984.15,100740
01-Jul-2022,EQ,684.85,685.8,666,684.95,673,673.45,673.71,781.8,520,4488771,3024148360.5,108098
30-Jun-2022,EQ,689.8,691.6,679,687.8,684.9,684.95,684.22,781.8,520,6505666,4451313726,156632
29-Jun-2022,EQ,677,689.1,675,681.15,686,687.8,685.11,781.8,520,5011798,3433644687.75,91137
28-Jun-2022,EQ,683,684.9,676.3,683.95,682.55,681.15,681.22,781.8,520,3216376,2191048621.05,92823
27-Jun-2022,EQ,675,687,671.2,671.2,686.3,683.95,679.55,781.8,520,5284297,3590917956.95,101118
24-Jun-2022,EQ,662.1,675.7,662.1,660.2,670.4,671.2,671.36,781.8,520,5621332,3773945754.9,111357
23-Jun-2022,EQ,648.15,664.6,647.75,642.85,660.8,660.2,658.18,781.8,520,4336533,2854209967,106603
22-Jun-2022,EQ,648.6,650.35,641.45,654.3,642.8,642.85,645.62,781.8,520,4348884,2807724018.25,98080
21-Jun-2022,EQ,642.1,658.15,640.5,640.9,652.75,654.3,651.71,781.8,520,3515991,2291395392.1,87152
20-Jun-2022,EQ,644.95,647.45,634.2,643.65,643,640.9,638.61,781.8,520,3883001,2479725612.6,122687
17-Jun-2022,EQ,656,661.75,638,654.2,643.95,643.65,646.81,781.8,519,11085830,7170431128.75,165091
16-Jun-2022,EQ,683.1,683.9,650,682.1,653.5,654.2,662.01,781.8,519,9525587,6306016844.25,193065
15-Jun-2022,EQ,681.95,685,673.5,682.05,681,682.1,680.41,781.8,519,6005970,4086541593.25,79681
14-Jun-2022,EQ,669.1,689.4,669.1,671.3,683.4,682.05,679.53,781.8,519,8878530,6033199557.7,161507
13-Jun-2022,EQ,660.1,673.35,658,673.35,671.9,671.3,666.38,781.8,519,5982102,3986323713.4,130518
10-Jun-2022,EQ,668,676.45,668,676.35,672.6,673.35,673.6,781.8,519,3221484,2170002489.7,72166
09-Jun-2022,EQ,660,679.4,655.1,663.3,677,676.35,670.14,781.8,519,6774925,4540157594.75,168782
08-Jun-2022,EQ,682.5,687.8,660.45,685.3,664.9,663.3,674.4,781.8,519,13904149,9376899045.95,177650
07-Jun-2022,EQ,678.15,687.25,673.3,682.95,686.55,685.3,680.42,781.8,519,8349903,5681429422.75,106285
06-Jun-2022,EQ,682.2,689.8,676.5,686.5,684,682.95,684.27,781.8,519,6407024,4384162865.6,82541
03-Jun-2022,EQ,697.05,700.8,685.25,695.95,686.9,686.5,689.19,781.8,519,6673615,4599395771.85,97259
02-Jun-2022,EQ,688.9,696.95,683.05,694.65,696.45,695.95,691.34,781.8,519,3466993,2396864597.3,95791
01-Jun-2022,EQ,701.55,706.2,691.25,700.2,695.2,694.65,697.2,781.8,519,3749781,2614354829.45,82070
31-May-2022,EQ,697.5,706.6,692.6,699.05,704.9,700.2,700.16,781.8,519,44593174,31222384433.35,145892
30-May-2022,EQ,687.45,703.75,683,684.4,696.1,699.05,696.04,781.8,519,4675033,3254009697.7,88950
27-May-2022,EQ,697.05,700,676,693.65,685,684.4,687.84,781.8,518.7,7131633,4905405213.1,133134
26-May-2022,EQ,690,695.5,675.9,688.2,694,693.65,686.11,781.8,518.7,5780597,3966106443.7,138732
25-May-2022,EQ,681.25,689.9,679.55,678.2,688.15,688.2,684.58,781.8,518.7,4188088,2867094996.55,83203
24-May-2022,EQ,689.25,689.25,675.85,685.85,680.05,678.2,679.99,781.8,518.7,4053608,2756396322.65,91794
23-May-2022,EQ,681.8,693.9,679.6,687.9,686.4,685.85,687.99,781.8,518.7,3788601,2606528213.35,85546
20-May-2022,EQ,688.5,691.5,683,674.25,686.45,687.9,686.98,781.8,518.7,5577407,3831558517.7,138276
19-May-2022,EQ,685,693,667.85,696.15,678,674.25,681.96,781.8,518.7,7322668,4993782108.65,162772
18-May-2022,EQ,721,727.15,689.2,707.05,694.45,696.15,703.54,781.8,518.7,18992703,13362187997.9,347555
17-May-2022,EQ,695,710,690.85,693.2,705.6,707.05,702.51,781.8,518.7,4847812,3405613793.95,96058
16-May-2022,EQ,685.85,698,679.65,689.9,692,693.2,690.37,781.8,518.7,5412233,3736419404.55,101215
13-May-2022,EQ,713,713,684.75,705.4,685.85,689.9,696.81,781.8,518.7,11938252,8318729809.65,192522
12-May-2022,EQ,715.25,722.8,701.25,722.85,703.4,705.4,709.05,781.8,518.7,6754953,4789576823.05,152352
11-May-2022,EQ,719.65,735,716.9,719.65,722.7,722.85,724.65,781.8,518.7,6919703,5014359458.55,122248
10-May-2022,EQ,711,728.5,710.15,711.5,719.4,719.65,722.26,781.8,518.7,6746893,4873013763.6,99962
09-May-2022,EQ,706.1,720.5,704.45,710.25,712,711.5,713.62,781.8,518.7,4819274,3439126712.6,70056
06-May-2022,EQ,711.25,723.9,707.75,718.95,711,710.25,715.4,781.8,518.7,5912312,4229659562.25,163129
05-May-2022,EQ,726,733.1,714.25,722.4,722.35,718.95,724.4,781.8,518.7,4836692,3503723722.25,103451
04-May-2022,EQ,737,739.35,717,741.35,723.3,722.4,727.65,781.8,518.7,6785271,4937275463.65,172944
02-May-2022,EQ,734,742.95,730.35,739,741.15,741.35,738.1,781.8,518.7,3938533,2907041429.95,77380
29-Apr-2022,EQ,752,761,735.55,747.35,739.5,739,748.63,781.8,518.7,7219115,5404450311.6,108059
28-Apr-2022,EQ,751,754.3,744.6,752.5,746,747.35,748.48,781.8,518.7,6101866,4567143508.1,115258
27-Apr-2022,EQ,750,761.55,746.4,756.3,752,752.5,753.6,781.8,518.7,4571399,3445012188.65,110530
26-Apr-2022,EQ,745,758.9,739.1,739.35,756,756.3,750.75,781.8,518.7,4987848,3744626322.35,99326
25-Apr-2022,EQ,729.95,743,729.15,738.75,739.5,739.35,736.43,781.8,518.7,3571031,2629801132.75,60077
22-Apr-2022,EQ,731,740.9,729,735.75,736.9,738.75,737.19,781.8,518.7,5182247,3820279418.85,86692
21-Apr-2022,EQ,743.9,743.9,730,739.35,738.45,735.75,738.7,781.8,518.7,6111830,4514820013.95,113613
20-Apr-2022,EQ,730.05,744.5,723.95,723.5,738.25,739.35,738.03,781.8,518.7,6632292,4894816527,125132
19-Apr-2022,EQ,739,739,716.85,729.5,719.5,723.5,728.28,781.8,518.7,9957060,7251573217.15,162713
18-Apr-2022,EQ,736.65,740.15,723.4,740.65,732.3,729.5,728.67,781.8,518.7,8950327,6521833849.2,112351
13-Apr-2022,EQ,742,756.5,737.95,741.65,739.9,740.65,746.35,781.8,518.5,6343030,4734103794.15,111544
12-Apr-2022,EQ,759.95,759.95,740.1,758.05,742,741.65,747.78,781.8,518.5,3904026,2919333392.5,113238
11-Apr-2022,EQ,757,765.2,756,762.1,758.4,758.05,761.44,781.8,518.5,4927865,3752283488,64881
08-Apr-2022,EQ,768.35,768.35,757.6,762.4,762.8,762.1,762.21,781.8,514.6,5583587,4255846177.1,85314
07-Apr-2022,EQ,775,777.85,759.55,775.65,763.35,762.4,766.75,781.8,514.6,5818505,4461357930.2,99161
06-Apr-2022,EQ,764,780.7,763,766.6,773.8,775.65,774.03,781.8,514.6,7490027,5797540256.45,125133
05-Apr-2022,EQ,767.8,773.8,761,767.8,764.9,766.6,767.2,781.8,514.6,3990794,3061725446.95,105537
04-Apr-2022,EQ,757.85,775,756.2,758.5,766.9,767.8,767.53,781.8,514.6,5783224,4438803621,132468
01-Apr-2022,EQ,759.8,766.65,749.25,754.95,758.35,758.5,757.01,781.8,514.55,5920139,4481591819.5,106388
31-Mar-2022,EQ,753,759,739.7,749.5,757,754.95,748.4,781.8,514.55,7371181,5516573660.2,122409
30-Mar-2022,EQ,762.75,769.9,744.6,754.95,748.65,749.5,756.69,781.8,514.55,9938988,7520695972.55,181513
29-Mar-2022,EQ,740.4,763,737,733.05,753.5,754.95,751.53,781.8,514.55,15833573,11899377451.9,217096
28-Mar-2022,EQ,715.25,737,710.1,709.35,737,733.05,722.55,781.8,514.55,7960258,5751720380.8,128264
25-Mar-2022,EQ,712.3,714.45,705.85,706.35,711.25,709.35,709.95,781.8,499.55,2930336,2080398006.35,75077
24-Mar-2022,EQ,698,708.85,697.85,704.95,705.8,706.35,704.7,781.8,499.55,3597143,2534906530.5,92634
23-Mar-2022,EQ,719.25,719.85,703,719.25,705.8,704.95,706.42,781.8,499.55,7974713,5633501331,128384
22-Mar-2022,EQ,708.5,721,705.85,708.2,717.5,719.25,714.25,781.8,499.55,3000133,2142849722.2,72315
21-Mar-2022,EQ,722,724.35,706.8,722.9,707.5,708.2,714.53,781.8,499.55,6317305,4513922556.25,134043
17-Mar-2022,EQ,720,727.95,715,712,723.85,722.9,723.45,781.8,499.55,8168953,5909814621.8,118266
16-Mar-2022,EQ,710,715.5,705,703.1,713.2,712,709.69,781.8,499.55,3843706,2727848498.4,58888
15-Mar-2022,EQ,699,709.5,695.5,700.4,701,703.1,703.6,781.8,499.55,6006439,4226116846.1,108680
14-Mar-2022,EQ,688.15,704.85,688.15,694.85,699.4,700.4,699.75,781.8,499.55,4016137,2810303856.7,82492
11-Mar-2022,EQ,696.7,702.4,691.5,697.75,694.4,694.85,696.36,781.8,499.55,3353880,2335501660,109928
10-Mar-2022,EQ,699.95,707.5,690.6,691.5,697,697.75,700.04,781.8,499.55,5989327,4192789257.55,141335
09-Mar-2022,EQ,682,698,674.3,683,691.35,691.5,690.95,781.8,499.55,9896395,6837953186.8,172243
08-Mar-2022,EQ,675,686.85,667.6,675.4,681.5,683,679.19,781.8,499.55,8462985,5747955862.95,172611
07-Mar-2022,EQ,640,679.35,639,653.7,677.2,675.4,665.01,781.8,499.55,12615451,8389449156.9,287557
04-Mar-2022,EQ,665,667.95,650,672.05,654.75,653.7,657.18,781.8,499.55,7094874,4662610397.7,141743
03-Mar-2022,EQ,675,679.8,668.6,674.25,672.2,672.05,672.86,781.8,499.55,6517030,4385023860.95,170940
02-Mar-2022,EQ,684,684,666,686.5,675,674.25,672.92,781.8,499.55,10220908,6877819127.45,224046
28-Feb-2022,EQ,681,690,666.45,688.65,686,686.5,681.09,781.8,499.55,8301523,5654064694.55,193009
25-Feb-2022,EQ,677.5,695.15,677.5,670.9,689,688.65,689.84,781.8,499.55,6452099,4450902016.3,121428
24-Feb-2022,EQ,682,688.55,645.45,704.4,670,670.9,675.3,781.8,499.55,14139461,9548316519.05,257679
23-Feb-2022,EQ,700.1,708.95,699.5,699.25,701.2,704.4,704.91,781.8,499.55,4124469,2907363092.2,99194
22-Feb-2022,EQ,694.2,702.5,687.5,709.95,696.1,699.25,693.88,781.8,499.55,9148804,6348204854.45,162755
21-Feb-2022,EQ,708.05,716.55,703,712.55,710.25,709.95,711.19,781.8,499.55,4307430,3063380672.4,68370
18-Feb-2022,EQ,712.05,719.55,711.35,717,712,712.55,715.65,781.8,499.55,4099366,2933719343.75,78724
17-Feb-2022,EQ,724.45,727.5,715,721.8,716.15,717,720.02,781.8,499.55,5107708,3677661983.35,88553
16-Feb-2022,EQ,717.4,728.2,708,711.55,719.7,721.8,719.33,781.8,499.55,5433910,3908776019.45,105402
15-Feb-2022,EQ,696,713.1,686.6,689.7,710.05,711.55,698.99,781.8,499.55,4650249,3250471564.1,94669
14-Feb-2022,EQ,704,704,685,715.15,689,689.7,695,781.8,499.55,7441445,5171789239.2,199472
11-Feb-2022,EQ,721.7,725.4,710.9,724.05,713.2,715.15,716.33,781.8,499.55,5646980,4045110736.1,118668
10-Feb-2022,EQ,722.95,726.95,708.6,719.35,721.5,724.05,718.87,781.8,499.55,6074014,4366441126.25,176435
09-Feb-2022,EQ,707.1,726.1,702.15,708.9,719.9,719.35,715.86,781.8,499.55,10185173,7291175686.95,144952
08-Feb-2022,EQ,711.2,714.7,701,706.5,706.95,708.9,706.62,781.8,499.55,7167684,5064859595.8,111904
07-Feb-2022,EQ,718,720.1,699.5,720.2,708,706.5,707.6,781.8,499.55,6833983,4835739601.35,115571
04-Feb-2022,EQ,721.1,723.25,716.5,721.65,719,720.2,720.08,781.8,499.55,3284198,2364897340.35,93139
03-Feb-2022,EQ,726,729,718.5,725.05,720,721.65,723.41,781.8,499.55,3651578,2641591234.9,105929
02-Feb-2022,EQ,726.1,731.75,720.5,723.05,725.1,725.05,724.74,781.8,499.55,3286577,2381909149.9,85137
01-Feb-2022,EQ,733,735,718.3,729.3,725.05,723.05,727.18,781.8,499.55,4814511,3501028779.55,106248
31-Jan-2022,EQ,728,735,719.55,715.8,729.55,729.3,728.03,781.8,499.55,10745370,7822973341.7,240581
28-Jan-2022,EQ,714.9,754,701.65,707.25,717,715.8,718.56,781.8,499.55,21450677,15413494337.7,360964
27-Jan-2022,EQ,706.5,716,701.5,711.85,709.6,707.25,708.61,781.8,499.55,8937312,6333036738.35,201463
25-Jan-2022,EQ,684,720.45,682.15,689.9,709.4,711.85,709.71,781.8,499.55,14128764,10027351546.55,203434
24-Jan-2022,EQ,690.3,707,677.35,695.25,687.65,689.9,693.63,781.8,499.55,11091633,7693451056.85,181824
21-Jan-2022,EQ,709.6,714,689.35,715.4,694.4,695.25,698.82,781.8,499.55,6704622,4685308745.05,169089
20-Jan-2022,EQ,706,719.65,705.25,703.7,719,715.4,712.67,781.8,499.55,4812496,3429736090.65,92833
19-Jan-2022,EQ,714,715,701.7,714.35,703.45,703.7,705.92,781.8,499.55,5879490,4150449660.05,139649
18-Jan-2022,EQ,727,730.7,712.55,728.6,713.85,714.35,719.88,781.8,499.55,4312058,3104152905.65,88796
17-Jan-2022,EQ,720,734.75,719.55,720.6,728,728.6,728.48,781.8,499.55,4340924,3162261276.5,109351
14-Jan-2022,EQ,729.95,730.9,718.45,731.8,721.55,720.6,723,781.8,499.55,5344096,3863767970.55,145842
13-Jan-2022,EQ,729,735.65,726.15,730.2,731.65,731.8,731.66,781.8,499.55,5829874,4265485873.75,156288
12-Jan-2022,EQ,707.95,732.7,704.2,703.45,729.15,730.2,718.93,781.8,499.55,12366953,8890964593.6,168773
11-Jan-2022,EQ,703,709.55,694.6,704.95,703,703.45,701.16,781.8,499.55,10642484,7462080833.75,131814
10-Jan-2022,EQ,705.4,711.35,703.65,704.7,706.5,704.95,706.39,781.8,499.55,3565324,2518498799.95,83493
07-Jan-2022,EQ,713.9,715.15,701.45,710.4,705.4,704.7,707.5,781.8,499.55,4315015,3052867348.25,94630
06-Jan-2022,EQ,702,720.5,700,700,710.75,710.4,711.67,781.8,499.55,21642414,15402157764.95,185013
05-Jan-2022,EQ,700.9,702.75,691.75,697.45,700,700,698.61,781.8,499.55,4586105,3203921431.85,103288
04-Jan-2022,EQ,692.25,703.25,690.4,691.3,697.25,697.45,697.46,781.8,499.55,6473875,4515251886.35,140355
03-Jan-2022,EQ,687.8,692.6,683.1,683.8,691.75,691.3,688.78,781.8,499.55,2939833,2024900233.75,180368
31-Dec-2021,EQ,680.5,694.1,680,679.35,684,683.8,686.54,781.8,499.55,4598628,3157130862.75,78114
30-Dec-2021,EQ,677.5,685.8,674.2,676.85,683,679.35,680.79,781.8,499.55,5701612,3881626397.45,91364
29-Dec-2021,EQ,679.95,683.5,675,680.05,675.55,676.85,679.23,781.8,499.55,3847574,2613403545.6,78957
28-Dec-2021,EQ,679.85,683.5,675.05,675.75,679.3,680.05,679.87,781.8,499.55,3892590,2646466080.3,73898
27-Dec-2021,EQ,674.95,678.35,668.65,677.05,676.55,675.75,674.83,781.8,499.55,3658572,2468910296.35,73730
24-Dec-2021,EQ,682.1,682.85,672.65,678.75,676.6,677.05,677.35,781.8,480.15,3756020,2544136883.7,63731
23-Dec-2021,EQ,689,689,675.5,684.75,679,678.75,679.7,781.8,480.15,5602466,3807977792.45,91044
22-Dec-2021,EQ,667,686,667,667,686,684.75,680.6,781.8,480.15,8522226,5800265897.3,135614
21-Dec-2021,EQ,663.95,670.9,659.2,658.25,666.05,667,665.55,781.8,480.15,8084499,5380653575.4,137610
20-Dec-2021,EQ,659.15,661.15,645.1,666.05,658.1,658.25,653.95,781.8,480.15,11812939,7725049296,152042
17-Dec-2021,EQ,681,685.7,661.1,681.4,666.45,666.05,668.11,781.8,480.15,13850460,9253601297.85,185449
16-Dec-2021,EQ,689.9,689.9,677.6,685.45,686,681.4,681.97,781.8,480.15,9633006,6569387274.2,141811
15-Dec-2021,EQ,691.75,694.9,684.1,691.6,686,685.45,688.8,781.8,480.15,7674319,5286093004.05,97557
14-Dec-2021,EQ,701,706.3,688.4,703.1,691.75,691.6,695.26,781.8,480.15,9275631,6449005565.45,149115
13-Dec-2021,EQ,715,718.4,698.35,710.7,704.95,703.1,706.49,781.8,480.15,9896899,6992095765.75,116223
10-Dec-2021,EQ,711,718.9,707,713.95,709.35,710.7,711.78,781.8,480.15,4251339,3026027789.2,77177
09-Dec-2021,EQ,716.8,723.95,711,715.15,713.5,713.95,715.86,781.8,480.15,9069515,6492502690.6,144847
08-Dec-2021,EQ,705,719,702.3,698.85,715.95,715.15,710.87,781.8,480.15,8296393,5897694384.65,136205
07-Dec-2021,EQ,702.35,705.7,694.1,697.6,698.85,698.85,698.89,781.8,480.15,10238693,7155735079.5,144432
06-Dec-2021,EQ,718,721.9,693.85,718.35,696.75,697.6,706,781.8,480.15,8804487,6215996627.15,151783
03-Dec-2021,EQ,730,734.65,716.3,732.55,718.2,718.35,721.06,781.8,460.5,11024093,7949033646.85,208351
02-Dec-2021,EQ,723.9,735.7,714.15,722.25,732,732.55,724.06,781.8,460.5,11507427,8332066780.2,163134
01-Dec-2021,EQ,733,737.4,718.25,728.25,722,722.25,727.89,781.8,460.5,10488561,7634537130.25,177518
30-Nov-2021,EQ,740,750.2,722.65,739.35,725.75,728.25,734.16,781.8,460.5,14272616,10478376142,250182
29-Nov-2021,EQ,752,755,727.1,738.75,738.05,739.35,740.06,781.8,460.5,15885643,11756261450.3,277565
26-Nov-2021,EQ,763,763,733.1,765.15,735.85,738.75,744.93,781.8,458.65,11142921,8300683385.8,213934
25-Nov-2021,EQ,759.05,768.5,752.8,758.9,765,765.15,761.66,781.8,458.65,8483653,6461637919.95,150394
24-Nov-2021,EQ,764,781.8,756.25,758.9,756.9,758.9,769.36,781.8,458.65,21653712,16659448540.9,274108
23-Nov-2021,EQ,745,761,735.7,742.1,758,758.9,750.66,761,458.65,18240414,13692421297.35,303588
22-Nov-2021,EQ,740,755.95,733.1,714.35,741.35,742.1,744.5,755.95,458.65,36884348,27460467117.85,417298
18-Nov-2021,EQ,720.6,723.45,708,720.05,714.25,714.35,715.55,753,458.65,4469597,3198209525.1,102930
17-Nov-2021,EQ,724.55,732.35,716.25,730.3,720.5,720.05,724.59,753,458.65,8002927,5798837637.15,109358
16-Nov-2021,EQ,741.35,742.05,727.05,737.55,728.5,730.3,735.22,753,458.65,4639931,3411373132.05,85245
15-Nov-2021,EQ,740,746,736.2,743.5,738.85,737.55,740.17,753,458.65,5454742,4037413874.5,106730
12-Nov-2021,EQ,733,745,725.25,728.6,741.7,743.5,739.18,753,452.55,9207508,6806027528.7,143918
11-Nov-2021,EQ,735,738.6,724.25,735.45,728.5,728.6,731.37,753,452.55,7421118,5427569743.7,139820
10-Nov-2021,EQ,717.5,738,707.35,713.2,736.6,735.45,727.13,753,452.55,15180490,11038230229.6,206104
09-Nov-2021,EQ,711.7,716.45,705.15,709,712.5,713.2,711.49,753,452.55,5278131,3755339128.9,107717
08-Nov-2021,EQ,707.45,714.9,704,701.1,710.6,709,709.78,753,452.55,7565546,5369884373.25,151956
04-Nov-2021,EQ,704,704.8,699.2,699.1,703,701.1,701.68,753,435,1064714,747086343.3,29350
03-Nov-2021,EQ,725.75,732.5,696,713.95,697.5,699.1,711.26,753,435,23261507,16544960649.15,259851
02-Nov-2021,EQ,712.5,723.1,709.55,712.5,715.55,713.95,715.44,753,435,7725455,5527109351.15,120235
01-Nov-2021,EQ,689.95,722.8,689.6,685.35,714.2,712.5,711.57,753,435,17121001,12182834909.4,222155
29-Oct-2021,EQ,692.2,701,677.05,689.75,685.8,685.35,690.24,753,427.5,8602343,5937693303.7,136950
28-Oct-2021,EQ,702.75,706.05,684.4,702.35,690.6,689.75,695.11,753,427.5,8884507,6175668655.4,115076
27-Oct-2021,EQ,699.4,714.65,694,696.2,702,702.35,705.2,753,427.5,11878571,8376715277.75,169771
26-Oct-2021,EQ,695,709.85,689,691.1,695,696.2,697.66,753,427.5,10953878,7642032683.55,131088
25-Oct-2021,EQ,693,704,675,694.5,690.8,691.1,692.84,753,427.5,9540441,6610023479.45,140498
22-Oct-2021,EQ,698.5,705.3,684.25,696.05,695,694.5,695.43,753,394,6587256,4580967537.85,124367
21-Oct-2021,EQ,710.95,712.35,689.2,708.45,696.5,696.05,698.43,753,394,8908979,6222328272.4,149731
20-Oct-2021,EQ,683.4,713.9,681.4,681.1,708.1,708.45,705.07,753,394,21217306,14959584879.8,308695
19-Oct-2021,EQ,699,699,675.45,680.6,682,681.1,686.19,753,394,7328862,5028996719.6,139015
18-Oct-2021,EQ,700,701.95,679.65,685.8,680.3,680.6,686.55,753,394,8574445,5886766704.3,170647
14-Oct-2021,EQ,693,694,681.85,689.9,688.6,685.8,686.86,753,394,9820591,6745350118.15,164220
13-Oct-2021,EQ,689,696.8,683.1,686.35,689.9,689.9,691.92,753,394,7062149,4886425291,115520
12-Oct-2021,EQ,691,698.4,684.2,690.85,686,686.35,688.88,753,394,8579567,5910316024,107167
11-Oct-2021,EQ,693.1,696.05,685,695.5,692.45,690.85,691.16,753,394,8792050,6076746795.05,141989
08-Oct-2021,EQ,695.15,699.55,688.9,692.5,694.4,695.5,695.36,753,394,6297352,4378941991.45,97207
07-Oct-2021,EQ,695.75,702.2,691.3,691.4,692.3,692.5,697.65,753,394,8121590,5666053722.7,99336
06-Oct-2021,EQ,705.75,707.95,688.2,699.25,689.95,691.4,698.28,753,394,10406502,7266632648.8,135686
05-Oct-2021,EQ,684.4,703.45,680.4,681.4,699.5,699.25,692.45,753,394,25598885,17726051844.3,225313
04-Oct-2021,EQ,675,686.2,669.7,675.9,682.4,681.4,680.44,753,394,8917898,6068058554.7,204952
01-Oct-2021,EQ,687.35,687.35,667.65,688.3,675.8,675.9,675.71,753,394,14952128,10103276449.7,196689
30-Sep-2021,EQ,695.8,709.8,686.8,694.1,688.5,688.3,697.87,753,394,13911568,9708475403.1,197319
29-Sep-2021,EQ,697,702,689.15,696.15,693,694.1,694.98,753,394,16729859,11626871377.8,163654
28-Sep-2021,EQ,724.4,726.8,686,722.55,695.85,696.15,698.8,753,394,21944239,15334572733.45,312911
27-Sep-2021,EQ,731,731.9,718.15,739.4,721,722.55,724.34,753,394,11282248,8172162220.45,151903
24-Sep-2021,EQ,729.05,753,728,726.8,742.9,739.4,741.99,753,394,70844952,52566116044.9,392132
23-Sep-2021,EQ,733.4,740.1,723.2,726.75,726.95,726.8,729.9,740.75,394,26009026,18983963449.7,180792
22-Sep-2021,EQ,727,732.05,724.1,726.65,727,726.75,728.1,740.75,394,16047334,11684020061.5,105371
21-Sep-2021,EQ,722.9,740.75,722,724.95,726.5,726.65,729.51,740.75,394,13954874,10180209791.35,186316
20-Sep-2021,EQ,725,733.7,720.3,728.15,721.25,724.95,727.07,737,394,14066795,10227526671,127537
17-Sep-2021,EQ,721,734.75,721,718.6,729.5,728.15,726.11,737,394,26158201,18993707230.8,243600
16-Sep-2021,EQ,735,737,715.4,725.5,715.75,718.6,725.18,737,394,44172650,32033019298.55,387975
15-Sep-2021,EQ,697,734.95,696.15,694.2,727.5,725.5,721.13,734.95,394,55750090,40202853716.15,437036
14-Sep-2021,EQ,695,699.7,689.1,693.3,694.8,694.2,694.32,699.7,394,11479081,7970130901.75,156740
13-Sep-2021,EQ,692,697,685.85,686.15,691.5,693.3,692.23,697,394,19341527,13388757142.2,237542
09-Sep-2021,EQ,667.85,688.2,667.05,667.85,685.45,686.15,679.46,688.2,394,19419892,13194985934.45,214688
08-Sep-2021,EQ,678,683.8,665,670.55,668,667.85,673.8,683.8,394,20492200,13807544223.9,278450
07-Sep-2021,EQ,657.95,680.5,648,654.6,671.75,670.55,668.7,680.5,394,27665704,18500038540.6,308503
06-Sep-2021,EQ,664.4,665.75,653.4,658.45,655,654.6,658.17,673.75,394,10035041,6604811953.8,177568
03-Sep-2021,EQ,668,669.6,654,666.5,657.7,658.45,661.64,673.75,394,7774350,5143819645.3,146745
02-Sep-2021,EQ,669.95,673.75,664.05,666.4,665.05,666.5,669.12,673.75,394,18601857,12446958541.35,264488
01-Sep-2021,EQ,668,673.3,654,664.05,663.85,666.4,664.15,673.3,394,30228814,20076317857.3,425536
31-Aug-2021,EQ,626.05,668.1,625,620.45,662,664.05,647.14,668.1,394,59661820,38609751163.6,609418
30-Aug-2021,EQ,596,625,590.1,595.15,625,620.45,607.03,644,394,39759785,24135482915.2,408302
27-Aug-2021,EQ,588.8,605.4,585.05,586.9,588.45,595.15,596.54,644,394,16141223,9628890825.85,186233
26-Aug-2021,EQ,610,611.5,584.3,612.45,585.4,586.9,594.93,644,394,25831904,15368224392.65,309951
25-Aug-2021,EQ,622.35,622.35,611,620.1,612,612.45,614.68,644,394,7977884,4903814634.95,108894
24-Aug-2021,EQ,627.95,627.95,617.05,622.65,619,620.1,622.05,644,394,5776595,3593337041.5,102756
23-Aug-2021,EQ,618.4,630.5,607.6,613.7,622.45,622.65,620.1,644,394,12554898,7785232234.15,179504
20-Aug-2021,EQ,619.5,633,607,622.95,610.15,613.7,621.98,644,394,12534832,7796382718.7,159964
18-Aug-2021,EQ,625.9,634,620.85,626.35,622.5,622.95,625.99,644,394,7005347,4385293903.85,135321
17-Aug-2021,EQ,634.05,638,623,634.05,626,626.35,629.06,644,394,11102775,6984365686.45,147794
16-Aug-2021,EQ,638.75,644,632,637.05,632.7,634.05,637.38,644,394,10312706,6573078634,137519
13-Aug-2021,EQ,623.15,638.8,618.1,623.15,636.2,637.05,633.34,638.8,394,20690579,13104154660.7,223773
12-Aug-2021,EQ,623,628.95,617,620.85,621.15,623.15,621.92,629.25,394,8274954,5146336611.2,123439
11-Aug-2021,EQ,622.2,629.25,613.7,622.2,619,620.85,620.7,629.25,394,18386089,11412232380.35,214762
10-Aug-2021,EQ,602.2,628,598.4,599.25,621.9,622.2,618.96,628,394,33878294,20969148430.5,377498
09-Aug-2021,EQ,610,612.7,597.55,607.9,598,599.25,602.69,623,394,9892910,5962324949.95,116641
06-Aug-2021,EQ,594.5,616.95,588.5,598.7,607.55,607.9,607.7,623,394,28520160,17331650760.8,282390
05-Aug-2021,EQ,577.5,619,577.5,574.4,596.6,598.7,602.47,623,394,71088770,42828882475.7,680710
04-Aug-2021,EQ,575,586.9,570.3,580.2,574.6,574.4,577.95,623,394,21414510,12376468144.25,235946
03-Aug-2021,EQ,568,582,562.1,565.15,578.35,580.2,576.48,623,394,21280806,12267867924.5,210672
02-Aug-2021,EQ,566,569.95,560,561.65,565.2,565.15,564.75,623,394,6254864,3532436890.25,93942
30-Jul-2021,EQ,565.9,568.5,557.8,567.15,564.75,561.65,562.88,623,394,9938812,5594328208.75,156191
29-Jul-2021,EQ,574.1,576.7,565,567.9,567,567.15,570.61,623,394,15552340,8874254806,198829
28-Jul-2021,EQ,539.5,570.7,537.85,540.55,567.8,567.9,559.81,623,394,31932505,17876254010.5,387434
27-Jul-2021,EQ,545.8,545.8,536.15,544.05,540.15,540.55,540.88,623,394,5727485,3097905205.25,80922
26-Jul-2021,EQ,545,553.85,542.1,548.3,543,544.05,547.87,623,394,5118493,2804279214.4,78207
23-Jul-2021,EQ,547.7,560.65,532.75,546.7,546.8,548.3,550.18,623,394,32588978,17929863694.8,341507
22-Jul-2021,EQ,531.1,548,523.65,525.75,547.6,546.7,537.77,623,394,19847956,10673637878.15,216329
20-Jul-2021,EQ,536.45,536.8,523,538.45,525.3,525.75,527.3,623,394,7505544,3957651837.85,117673
19-Jul-2021,EQ,539,544.7,529.3,541.15,535.6,538.45,539.66,623,394,8962285,4836579078.15,124002
16-Jul-2021,EQ,527,543.4,525.95,525.45,540.95,541.15,537.93,623,394,11043791,5940802604.7,152303
15-Jul-2021,EQ,532.5,532.5,525,530.05,525.45,525.45,527.13,623,394,6759881,3563337512.7,146578
14-Jul-2021,EQ,529,531.4,526.65,530.05,530,530.05,529.52,623,394,6543996,3465174567.9,90298
13-Jul-2021,EQ,533.55,535.5,528.2,529.65,530.55,530.05,531.38,623,394,7988044,4244666731.9,135282
12-Jul-2021,EQ,538.95,538.95,528.65,536.25,529.6,529.65,532.16,623,394,8768168,4666065345.9,120737
09-Jul-2021,EQ,525.5,537.5,523,525.3,536.5,536.25,531.89,623,394,7169047,3813176904.75,111147
08-Jul-2021,EQ,530,532.8,523.55,529.6,525.5,525.3,528.35,623,394,5301428,2800991214.8,70695
07-Jul-2021,EQ,523.2,530.6,523.2,526.1,530.2,529.6,528.95,623,394,6546286,3462650689.55,114175
06-Jul-2021,EQ,523.5,527.7,521.1,523.95,527,526.1,524.44,623,394,10300966,5402230768.1,140103
05-Jul-2021,EQ,528,528.5,523.3,525,524.1,523.95,525.41,623,394,6256128,3287021023.45,129389
02-Jul-2021,EQ,525.6,533,520,522.65,525.45,525,527.31,623,394,13063791,6888614243.15,179216
01-Jul-2021,EQ,529,531,522,525.65,523.2,522.65,524.74,623,394,6454014,3386693761.15,129105
30-Jun-2021,EQ,527,530.4,524.35,524.95,528,525.65,527.41,623,394,5654391,2982191881.9,105020
29-Jun-2021,EQ,531.25,532.25,524,531.2,525.9,524.95,527.41,623,394,8553386,4511158755.9,136722
28-Jun-2021,EQ,537,537,530.45,535.1,531.5,531.2,532.38,623,394,5168753,2751756795.85,79465
25-Jun-2021,EQ,531.3,535.9,529.35,528.75,534.5,535.1,533.16,623,394,5402768,2880566074.45,63409
24-Jun-2021,EQ,535,535.45,527.4,534.05,529.8,528.75,530.25,623,394,6301610,3341441185.6,75005
23-Jun-2021,EQ,538,539.2,532.7,536.4,533.9,534.05,536.06,623,394,4679563,2508526631.8,63718
22-Jun-2021,EQ,548.05,549,535.5,539.6,536.4,536.4,540.63,623,394,8946586,4836759319.15,120508
21-Jun-2021,EQ,535,541.9,533,538.75,539.25,539.6,538.76,623,394,5637000,3037013916,83637
18-Jun-2021,EQ,531.4,541.9,519,528.65,540.55,538.75,530.78,623,394,14723907,7815213017.9,158567
17-Jun-2021,EQ,539.5,541.25,527.05,536.75,528.2,528.65,533.54,623,394,10026485,5349557376.65,116401
16-Jun-2021,EQ,543.8,543.8,534.9,542.5,536,536.75,537.92,623,394,9860470,5304126675.05,101959
15-Jun-2021,EQ,541,543.65,538.4,539.35,541.65,542.5,541.67,623,394,7130896,3862612357.05,98569
14-Jun-2021,EQ,540.85,540.85,529.3,540.85,539.5,539.35,536.56,623,394,5609077,3009623906.4,68150
11-Jun-2021,EQ,545.5,549.75,540.05,545.15,541.5,540.85,544.2,623,394,7634036,4154426547.05,92073
10-Jun-2021,EQ,543.9,547.85,540.35,540,545,545.15,544.66,623,394,6888855,3752090657.65,70634
09-Jun-2021,EQ,549.9,551.5,535.35,546.8,539.9,540,544.6,623,394,12440819,6775299669.3,136020
08-Jun-2021,EQ,538.1,548,534,536.45,547.5,546.8,541.3,623,394,12586649,6813116864.75,141711
07-Jun-2021,EQ,534,541,533,532.7,536.3,536.45,537.66,623,394,9496183,5105741297.3,125647
04-Jun-2021,EQ,533.95,535.8,531.2,532.05,532.6,532.7,533.34,623,394,4788898,2554100070.05,86667
03-Jun-2021,EQ,530,533.4,528.5,529.5,531.2,532.05,531.21,623,394,6174103,3279761456.4,112639
02-Jun-2021,EQ,529.9,534.6,528,532.9,529.5,529.5,530.22,623,394,10372845,5499910242.45,111242
01-Jun-2021,EQ,537.45,538.4,530.3,534.9,533,532.9,533.49,623,394,8280431,4417544303.4,105694
31-May-2021,EQ,525.5,536,525.1,523.6,536,534.9,532.52,623,394,12567516,6692501618.3,138319
28-May-2021,EQ,522.25,528.5,520.4,519.8,524.5,523.6,524.41,623,394,10060110,5275656923.2,122048
27-May-2021,EQ,526.1,527,518.7,525.75,520.5,519.8,521.24,623,394,22363299,11656699297.45,168508
26-May-2021,EQ,529,530.8,525,526.1,525.35,525.75,527.45,623,394,6781577,3576925771.65,94100
25-May-2021,EQ,529.9,530.8,524.5,526.8,526.5,526.1,527.56,623,394,9239443,4874387126.65,130566
24-May-2021,EQ,531,533,526,530.95,526.95,526.8,528.25,623,394,6268351,3311233392.95,100717
21-May-2021,EQ,523.25,533.3,522,520.65,530.8,530.95,529.34,623,394,10299402,5451932192.25,146363
20-May-2021,EQ,531,531,520,528.2,521.2,520.65,523.54,623,394,13777903,7213285931.7,180741
19-May-2021,EQ,537.9,540.55,526.2,536.35,527.95,528.2,531.4,623,394,19223054,10215112223.25,253054
18-May-2021,EQ,547.5,552.9,534.55,549.65,536.8,536.35,540.86,623,394,34324460,18564867278,365295
17-May-2021,EQ,563.95,563.95,545.8,560.4,547.8,549.65,551.79,623,394,13424956,7407763708.5,178943
14-May-2021,EQ,564,569.35,556.15,561.75,560.05,560.4,562.46,623,394,7555855,4249858578,113531
12-May-2021,EQ,568,569.15,558.2,568.4,562,561.75,563.82,623,394,6689476,3771645447.9,86365
11-May-2021,EQ,565.5,574.85,564.05,572.55,567.3,568.4,569.56,623,394,7885422,4491212893.35,94878
10-May-2021,EQ,572,577,569.1,568.5,571.4,572.55,573.54,623,394,8211446,4709582275.35,127435
07-May-2021,EQ,561.2,572.9,556.9,558.75,568.1,568.5,567.84,623,394,12656867,7187072890.5,159909
06-May-2021,EQ,559.95,564.4,552.6,559.95,558.3,558.75,558.34,623,394,9000753,5025504840.55,91956
05-May-2021,EQ,556.9,564.95,554,552.45,560,559.95,560.72,623,394,11872729,6657315674.9,173748
04-May-2021,EQ,565.95,565.95,546.7,558.85,551.45,552.45,557.72,623,394,13934607,7771656550.65,156159
03-May-2021,EQ,530,562.5,529.05,536.75,561.05,558.85,547.44,623,394,14288088,7821900426,144212
30-Apr-2021,EQ,533.5,547,533.5,540.85,535.5,536.75,540.94,623,394,8178192,4423888615.05,106580
29-Apr-2021,EQ,549.7,550,539.1,544.3,540.2,540.85,542.81,623,394,8683857,4713693574.75,98579
28-Apr-2021,EQ,535.95,548,535.6,534.3,543.75,544.3,542.82,623,394,11970652,6497866112.15,125600
27-Apr-2021,EQ,527.45,538.55,526.25,527.55,535.5,534.3,534.45,623,394,9693047,5180449355.4,99563
26-Apr-2021,EQ,522.75,528.5,522.75,522.6,527.2,527.55,526.12,623,394,5819893,3061970698.8,70201
23-Apr-2021,EQ,529,532.45,519.1,530.85,522.75,522.6,525.85,623,394,6992388,3676918378.85,94602
22-Apr-2021,EQ,530,533.4,526.05,530.2,530.1,530.85,530.11,623,394,6552131,3473379509.9,98115
20-Apr-2021,EQ,529,537,525.9,526.45,529,530.2,531.74,623,394,7233304,3846248822.8,82776
19-Apr-2021,EQ,532.25,535,523.25,540.75,526.6,526.45,527.42,623,394,7232945,3814784409.4,112044
16-Apr-2021,EQ,540.05,544.15,538,539.35,539,540.75,541.28,623,394,6157781,3333066008.55,68143
15-Apr-2021,EQ,540,546.15,530.25,536.15,538.05,539.35,538.26,623,394,9805711,5278033639.5,104489
13-Apr-2021,EQ,526.4,540,523.1,522.45,536.85,536.15,530.96,623,394,6535007,3469800867.35,90447
12-Apr-2021,EQ,537.55,538.85,518.5,545.25,523.5,522.45,526.6,623,394,9687846,5101596995.3,131068
09-Apr-2021,EQ,539.5,549.75,536.5,543,544.35,545.25,543.69,623,394,11426998,6212767261.6,120161
08-Apr-2021,EQ,546.8,548.55,540.5,541.6,542,543,544.62,623,394,11157958,6076850707.35,113476
07-Apr-2021,EQ,537,546.9,535.25,532.2,541,541.6,542.17,623,394,20997280,11384107645.1,192193
06-Apr-2021,EQ,528.5,537.85,524.55,528.25,532.5,532.2,532.86,623,394,12873443,6859684394.45,133794
05-Apr-2021,EQ,520.8,529,514.6,520.8,528.05,528.25,521.82,623,394,9203847,4802722483.05,92553
01-Apr-2021,EQ,519.95,523.9,514.55,517.3,520.45,520.8,519.84,623,394,6980458,3628704761.8,83069
31-Mar-2021,EQ,522.35,525.9,516.25,521.5,516.6,517.3,520.25,623,394,7570387,3938520814.05,86424
30-Mar-2021,EQ,527.8,527.9,516.25,522.5,522.35,521.5,521.49,623,394,10494794,5472898567.55,133631
26-Mar-2021,EQ,512.1,524.9,510.6,507.75,523.25,522.5,518.76,623,394,10943035,5676774106.95,141501
25-Mar-2021,EQ,523.4,523.65,499.55,523.65,507.2,507.75,510.86,623,394,17248482,8811620260.4,222200
24-Mar-2021,EQ,528,533.45,521.5,529.25,522.25,523.65,528.12,623,394,10602439,5599337216.45,124348
23-Mar-2021,EQ,529.7,532.45,522.15,528,528.6,529.25,527.11,623,394,14958494,7884828195.4,151964
22-Mar-2021,EQ,533.05,534,523,529.95,527,528,527.46,623,394,13331409,7031845755.45,157176
19-Mar-2021,EQ,528,534.75,525.5,527.2,531.9,529.95,530.33,623,361.75,48683525,25818105415.85,241657
18-Mar-2021,EQ,529.85,532.2,515.35,522.9,530.75,527.2,523.97,623,361.75,12235615,6411046945.7,168190
17-Mar-2021,EQ,528.8,531,519,529.3,522.9,522.9,522.92,623,361.75,8326430,4354061120.6,110807
16-Mar-2021,EQ,524,533.75,524,522.85,530.05,529.3,529.92,623,361.75,13007824,6893084057.8,157872
15-Mar-2021,EQ,527.8,527.8,516.4,524.2,522.5,522.85,521.77,623,361.75,10676602,5570683697.3,149965
12-Mar-2021,EQ,530.55,532.75,521.55,525.85,524,524.2,527.94,623,361.75,11410264,6023904033.45,206133
10-Mar-2021,EQ,520.2,530.5,516.35,521.75,526,525.85,523.89,623,361.75,18663334,9777519895.45,194438
09-Mar-2021,EQ,530.1,532,514.3,525.7,522.4,521.75,521.98,623,361.75,19809833,10340276014.85,247460
08-Mar-2021,EQ,531,535.45,524.75,532.8,525.25,525.7,528.93,623,361.75,15011518,7940064973.05,206029
05-Mar-2021,EQ,535,538.5,524.4,539.6,533.8,532.8,532.15,623,361.75,16351700,8701568566.05,182600
04-Mar-2021,EQ,540,546,538,546.3,539.95,539.6,540.38,623,361.75,17352483,9376887661.5,188724
03-Mar-2021,EQ,548.75,550.75,540,541.2,546.85,546.3,546.32,623,361.75,24214390,13228780673.05,314197
02-Mar-2021,EQ,540.5,544,528.85,532.2,541.95,541.2,536.23,623,361.75,30058411,16118091210.5,338203
01-Mar-2021,EQ,558,559.1,521,556.3,532.8,532.2,532.76,623,361.75,54075848,28809311393.05,558647
